Tarih,Ac?l?s_Altin,Hac.Altin,Ac?l?s_BIST,Hac.BIST,Ac?l?s_Dax,Hac.Dax,Ac?l?s_Dolar,Hac._Dolar,Ac?l?s_Dow,Hac._Dow,Ac?l?s_Petrol,Hac._Petrol,Ac?l?s_NASDAQ,Hac._NASDAQ,Ac?l?s_Nikkei,Hac._Nikkei,Ac?l?s_SP500,Hac._SP500,ABD_Tufe,Reel_Faiz_Orani
01.03.2024,2052.8,"4,74M",9218.3,"58,70B",17795.149999999998,"75,72M",104.06,"300,76K",38989.51,"7,40B",78.28,"5,50M",16109.83,"23,15B",39254.689999999995,"25,19B",5098.51,NA,0.646416994,1.92596928
01.02.2024,2047.7,"384,71K",8514.47,"72,96B",16834.129999999997,"1,47B",103.38,"298,44K",38175.340000000004,"6,33B",75.96,"6,04M",15254.02,"21,72B",36008.56,"24,34B",4861.110000000001,NA,0.618967178,1.6168231
01.01.2024,2072.7,"3,84M",7542.25,"57,71B",16828.75,"1,47B",101.065,"306,31K",37566.219999999994,"7,19B",71.71,"6,50M",14873.7,"21,22B",33193.05,"20,82B",4745.2,NA,0.54475038,1.68087145
01.12.2023,2049,"251,34K",8071.48,"47,42B",16296.92,"1,32B",103.29,"253,08K",35914.450000000004,"6,37B",75.59,"5,25M",14181.349999999999,"23,68B",33537.44,"20,79B",4559.429999999999,NA,-0.099332033,1.68089907
01.11.2023,1993.3,"3,67M",7568.860000000001,"55,42B",14851.96,"1,62B",106.53,"352,39K",33081.87,"6,33B",81.31,"322,17K",12887.06,"19,77B",31311.22,"21,21B",4201.2699999999995,NA,-0.201513955,2.09432864
01.10.2023,1864.4,"4,66M",8374.6,"85,09B",15439.96,"1,51B",105.88,"351,08K",33455.5,"6,72B",90.88,"346,01K",13217.99,"19,19B",32101.97,"20,96B",4284.52,NA,-0.038337952,2.08246076
01.09.2023,1966.4,"3,09M",7966.6500000000005,"97,87B",15936.34,"1,48B",103.585,"323,10K",34876.24,"6,25B",83.63,"5,93M",14129.96,"19,74B",32521.149999999998,"21,03B",4530.6,NA,0.248513155,1.69970754
01.08.2023,2004.2,"3,17M",7209.59,"116,64B",16414.79,"1,35B",101.66,"326,60K",35585.99,"7,16B",81.64,"299,42K",14274.93,"21,07B",33292.310000000005,"19,73B",4578.83,NA,0.436715507,1.60209539
01.07.2023,1945.4,"246,57K",5867.23,"101,33B",16187.91,"1,34B",102.645,"282,98K",34369.78,"6,44B",70.46,"297,27K",13798.7,"19,25B",33517.6,"19,24B",4450.48,NA,0.190751502,1.4260473
01.06.2023,1981.3,"3,65M",4928.63,"60,86B",15744.01,"1,66B",104.105,"272,42K",32929.850000000006,"7,04B",67.6,"6,16M",12944.46,"25,04B",30886.01,"20,94B",4183.03,NA,0.322891424,1.06063107
01.05.2023,2019.1,"1,45M",4628.360000000001,"56,50B",15950.359999999999,"1,52B",101.405,"316,15K",34116.810000000005,"6,70B",76.13,"440,86K",12210.05,"21,61B",29058.05,"17,80B",4166.79,NA,0.251843501,1.53690406
01.04.2023,2007.5,"117,36K",4806.4,"39,80B",15623.449999999999,"1,23B",102.27,"258,55K",33245.78,"5,38B",80.27,"328,40K",12146.09,"17,28B",28203.35,"13,05B",4102.2,NA,0.505903868,1.44391386
01.03.2023,1865.4,"71,23K",5258.74,"71,46B",15399.91,"2,33B",104.985,"413,22K",32656.37,"8,15B",76.85,"7,07M",11447.58,"25,37B",27363.57,"17,82B",3963.34,NA,0.331072996,2.05963636
01.02.2023,1959.7,"111,60K",4998.820000000001,"45,72B",15125.12,"1,32B",101.925,"492,74K",34039.6,"6,14B",79.12,"300,09K",11573.140000000001,"19,32B",27483.41,"13,70B",4070.07,NA,0.558211051,1.42020217
01.01.2023,1847.2,"1,02M",5568.429999999999,"95,28B",13992.710000000001,"1,26B",103.445,"552,63K",33148.9,"6,82B",80.57,"189,32K",10562.06,"19,91B",25834.93,"13,64B",3853.29,NA,0.799536383,1.78309897
01.12.2022,1798,"85,55K",5046.3,"119,28B",14543.8,"1,13B",105.57,"573,38K",34533.59,"6,98B",80.56,NA,11475.17,"21,69B",28273.129999999997,"14,84B",4087.14,NA,-0.307009146,1.57612515
01.11.2022,1649.9,"983,80K",3987.44,"126,61B",13344.849999999999,"1,46B",111.44,"877,58K",32862.78999999999,"7,30B",86.17,"5,68M",11154.740000000002,"20,08B",27614.64,"15,56B",3901.79,NA,-0.101002644,1.93071305
01.10.2022,1682.4,"162,45K",3195.8100000000004,"92,88B",11951.84,"1,40B",112.15,"976,50K",28855.25,"7,82B",81.02,"5,33M",10659.01,"19,93B",25778.95,"14,35B",3609.7799999999997,NA,0.405649443,1.79733203
01.09.2022,1723,"3,83M",3168.4100000000003,"125,67B",12713.75,"1,61B",108.825,"978,68K",31454.58,"7,84B",88.83,"5,81M",11707.44,"22,03B",27797,"13,77B",3936.73,NA,0.215078451,1.20424868
01.08.2022,1782.5,"3,19M",2600.2799999999997,"111,65B",13471.2,"1,31B",105.73,"760,63K",32755.71,"7,02B",98.46,"6,61M",12317.96,"21,71B",27813.82,"13,98B",4112.38,NA,-0.035439928,0.8556253
01.07.2022,1814.8,"445,17K",2408.64,"44,31B",12627.66,"1,52B",104.515,"700,00K",30737.77,"6,44B",106.01,"6,16M",11006.83,"18,16B",26460.71,"13,39B",3781,NA,-0.011811914,1.06217493
01.06.2022,1840,"3,33M",2554.2799999999997,"65,05B",14478.369999999999,"1,72B",101.77,"582,38K",33156.310000000005,"7,71B",115.4,"6,14M",12176.89,"26,74B",27295.629999999997,"16,38B",4149.78,NA,1.373607576,1.02509351
01.05.2022,1896.2,"3,83M",2460.8,"56,81B",13996.82,"1,80B",103.225,"535,79K",32978.49,"8,98B",104,"5,32M",12331.69,"23,28B",26851.1,"15,83B",4130.610000000001,NA,1.1023524,1.20389776
01.04.2022,1942.4,"3,15M",2238.73,"92,87B",14447.78,"1,65B",98.36,"527,18K",34740.89,"7,22B",101.23,"5,39M",14269.53,"19,02B",27624.109999999997,"13,46B",4540.320000000001,NA,0.558253103,0.94940027
01.03.2022,1908.4,"4,88M",1969.1299999999999,"66,08B",14404.220000000001,"2,77B",96.81,"528,85K",33813.48,"9,22B",96.09,"8,83M",13716.7,"26,96B",26836.74,"18,83B",4363.14,NA,1.335137955,0.34708992
01.02.2022,1798.9,"3,90M",2013.97,"50,44B",15620.56,"2,03B",96.695,"540,41K",35151.47,"7,36B",88.15,"8,21M",14277.43,"18,89B",27167.14,"13,91B",4519.57,NA,0.913397926,0.44159289
01.01.2022,1830.1,"4,33M",1871.25,"69,29B",15947.44,"1,66B",95.6,"393,44K",36321.59,"8,90B",75.69,"7,52M",15732.5,"20,65B",29098.41,"13,88B",4778.14,NA,0.841457378,0.3194951
01.12.2021,1777.4,"2,88M",1823.06,"97,31B",15233.369999999999,"1,35B",95.96,"329,52K",34678.94,"8,41B",67.01,"7,40M",15752.27,"22,79B",27866.73,"12,84B",4602.820000000001,NA,0.307251716,0.09168917
01.11.2021,1785.3,"4,73M",1522.28,"84,34B",15764.55,"1,64B",94.12,"429,29K",35833.65,"7,23B",83.36,"9,44M",15541.26,"21,65B",29330.68,"14,34B",4610.620000000001,NA,0.49134275,0.16399788
01.10.2021,1757.2,"3,92M",1398.93,"43,45B",15041.6,"1,35B",94.32,"504,97K",33930.7,"6,77B",75.12,"9,22M",14494.93,"18,71B",29235.109999999997,"16,02B",4317.160000000001,NA,0.830811855,0.08790114
01.09.2021,1816.7,"3,65M",1475.62,"38,67B",15958.41,"1,34B",92.67,"507,70K",35387.55,"6,66B",68.55,"7,75M",15308.98,"20,39B",28179.04,"15,61B",4528.8,NA,0.271597086,-0.19473087
01.08.2021,1817,"3,66M",1397.98,"39,68B",15631.7,"1,03B",92.15,"392,94K",34968.56,"5,66B",73.91,"7,93M",14758.6,"17,68B",27493.32,"12,35B",4406.860000000001,NA,0.206591136,-0.26101879
01.07.2021,1770.8,"4,37M",1358.2,"23,88B",15624.28,"1,21B",92.355,"434,78K",34507.32,"6,71B",73.5,"8,11M",14493.69,"17,46B",28832.41,"11,08B",4300.73,NA,0.481052353,0.03504108
01.06.2021,1906.8,"4,62M",1424.47,"44,82B",15513.130000000001,"1,23B",89.795,"470,42K",34584.189999999995,"6,83B",66.68,"7,79M",13829.06,"24,05B",28998.649999999998,"12,59B",4216.52,NA,0.92906629,-0.00566485
01.05.2021,1768.1,"4,94M",1400.1499999999999,"41,33B",15191.79,"1,44B",91.27,"527,66K",33904.89,"6,61B",63.64,"7,51M",14031.77,"18,49B",29024.01,"13,13B",4191.98,NA,0.801710515,0.03694758
01.04.2021,1709,"3,43M",1399.34,"50,97B",15053.77,"1,32B",93.23,"470,77K",33054.58,"6,89B",59.49,"7,39M",13414.33,"18,51B",29441.91,"12,31B",3992.7799999999997,NA,0.821890915,0.11804694
01.03.2021,1732.8,"5,08M",1491.8799999999999,"74,67B",13962.43,"1,94B",90.9,"667,15K",31065.9,"9,79B",61.95,"9,79M",13406.16,"29,12B",29419.45,"19,56B",3842.51,NA,0.708327313,0.01250687
01.02.2021,1865,"4,33M",1484.86,"88,11B",13559.94,"1,44B",90.545,"562,28K",30054.73,"6,77B",51.99,"7,60M",13226.18,"27,40B",27649.07,"14,06B",3731.17,NA,0.547438279,-0.2308238
01.01.2021,1908.2,"4,89M",1482.1699999999998,"104,49B",13890.220000000001,"1,56B",89.87,"529,07K",30627.47,"8,22B",48.4,"7,21M",12958.52,"26,55B",27575.57,"13,89B",3764.61,NA,0.425378349,-0.23501721
01.12.2020,1780.3,"3,82M",1302.25,"107,35B",13371.66,"1,36B",91.9,"473,93K",29797.5,"8,18B",45.08,"6,21M",12313.359999999999,"23,50B",26624.2,"13,40B",3645.8700000000003,NA,0.094147847,-0.23232146
01.11.2020,1877,"4,94M",1119.72,"121,23B",11602.91,"1,83B",94.095,"474,40K",26691.280000000002,"7,92B",35.24,"7,03M",11010.449999999999,"19,47B",23110.74,"16,15B",3296.2,NA,-0.061062722,-0.21395564
01.10.2020,1891.2,"4,42M",1150.07,"88,22B",12812.08,"1,56B",93.865,"450,49K",27940.629999999997,"8,51B",39.9,"7,35M",11291.99,"16,77B",23185.12,"11,49B",3385.8700000000003,NA,0.041493776,-0.29173845
01.09.2020,1973.7,"5,92M",1081.6599999999999,"68,02B",13037.2,"1,62B",92.17,"489,92K",28439.609999999997,"10,05B",42.83,"6,75M",11850.96,"20,52B",23089.629999999997,"13,62B",3507.44,NA,0.139274694,-0.34333693
01.08.2020,1997.4,"7,18M",1140.3899999999999,"77,53B",12374.46,"1,26B",93.39,"471,47K",26542.32,"7,51B",40.39,"6,37M",10848.640000000001,"17,24B",21947.58,"13,57B",3288.2599999999998,NA,0.315321052,-0.407134
01.07.2020,1798.9,"5,81M",1171.6799999999998,"91,63B",12391.720000000001,"1,71B",97.375,"432,81K",25879.38,"8,27B",39.84,"6,79M",10063.67,"20,68B",22338.3,"14,54B",3105.92,NA,0.50582435,-0.3453445
01.06.2020,1749.8,"4,15M",1064.81,"76,89B",11896.7,"2,75B",98.265,"385,76K",25342.99,"9,82B",35.21,"7,64M",9471.42,"27,30B",21910.89,"18,25B",3038.7799999999997,NA,0.547204693,-0.15369936
01.05.2020,1693.5,"4,06M",1002.54,"38,46B",10543.359999999999,"2,22B",99.13,"305,48K",24120.780000000002,"8,01B",19.04,"5,91M",8681.29,"18,17B",19991.97,"15,39B",2869.09,NA,0.001950162,-0.02785652
01.04.2020,1589.4,"3,96M",882.8599999999999,"47,60B",9610.67,"2,51B",99.025,"288,23K",21227.38,"9,88B",20.1,"14,56M",7459.5,"18,76B",18686.12,"18,37B",2498.08,NA,-0.668694187,-0.11159442
01.03.2020,1592.8,"8,47M",1083.79,"40,78B",12030.27,"4,83B",97.985,"680,13K",25590.51,"15,60B",43.7,"16,68M",8667.140000000001,"25,11B",20849.79,"31,02B",2974.2799999999997,NA,-0.217645103,-0.12783745
01.02.2020,1597.8,"7,43M",1194.37,"48,91B",13033.17,"2,23B",97.245,"352,62K",28319.649999999998,"7,05B",51.01,"13,33M",9190.720000000001,"13,39B",22874.27,"13,96B",3235.66,NA,0.274061813,0.31598579
01.01.2020,1521,"8,01M",1149.03,"56,26B",13233.710000000001,"1,74B",96.14,"276,75K",28638.97,"6,27B",61.6,"12,54M",9039.46,"12,89B",23319.760000000002,"11,33B",3244.67,NA,0.387976994,0.50509631
01.12.2019,1470.3,"5,07M",1073.5,"49,71B",13264.93,"1,37B",98.21,"279,73K",28109.74,"5,14B",55.47,"9,27M",8672.84,"12,25B",23388.629999999997,"11,73B",3143.8500000000004,NA,-0.090976953,0.51426493
01.11.2019,1515.1,"7,05M",986.9,"36,05B",12912.09,"1,60B",97.11,"229,80K",27142.95,"4,98B",54.15,"9,47M",8335.05,"10,75B",22730.49,"13,57B",3050.72,NA,-0.053624303,0.43361185
01.10.2019,1478,"7,63M",1052.75,"32,95B",12469.67,"1,84B",99.035,"390,00K",26962.54,"5,72B",54.28,"11,55M",8026.83,"11,23B",21831.440000000002,"13,48B",2983.69,NA,0.228619055,0.36832453
01.09.2019,1535.2,"8,16M",967.38,"33,11B",11939.99,"1,75B",98.795,"330,97K",26198.260000000002,"5,09B",55,"13,08M",7906.44,"11,51B",20625.75,"14,38B",2909.01,NA,0.078344858,0.23500552
01.08.2019,1425.6,"9,04M",1013.42,"19,51B",12134.710000000001,"2,02B",98.365,"375,47K",26879.86,"6,24B",57.85,"14,04M",8190.56,"11,99B",21361.58,"13,90B",2980.32,NA,-0.005066824,0.42005179
01.07.2019,1401.8,"8,11M",986.63,"28,16B",12616.34,"1,90B",95.775,"350,77K",26805.86,"5,27B",59.27,"11,80M",8145.85,"11,14B",21566.27,"12,05B",2971.4100000000003,NA,0.167094162,0.44057188
01.06.2019,1312.5,"7,03M",903.3599999999999,"19,89B",11661.12,"1,85B",97.7,"448,25K",24830.16,"5,54B",53.42,"12,46M",7441.22,"12,57B",20327.87,"12,32B",2751.53,NA,0.019914718,0.42130162
01.05.2019,1284.2,"5,92M",957.3,"25,07B",12349.1,"2,17B",97.23,"291,45K",26639.06,"6,36B",63.4,"16,25M",8132.929999999999,"12,28B",22184.4,"15,03B",2952.3300000000004,NA,0.212875859,0.5404288
01.04.2019,1295.9,"4,90M",939.08,"23,56B",11617.18,"1,69B",96.795,"274,91K",26075.1,"5,85B",60.24,"13,33M",7800.24,"10,75B",21500.89,"12,74B",2848.63,NA,0.529500161,0.42030375
01.03.2019,1315.9,"5,44M",1046.9,"31,89B",11584.240000000002,"1,93B",96.165,"384,08K",26019.67,"6,63B",57.22,"11,96M",7587.45,"13,04B",21490.02,"14,40B",2798.22,NA,0.564135836,0.51720765
01.02.2019,1323,"3,67M",1040.61,"27,21B",11198.46,"1,66B",95.29,"331,80K",25025.309999999998,"5,43B",54.01,"10,55M",7256.37,"10,64B",20797.03,"13,15B",2702.32,NA,0.422705314,1.06818285
01.01.2019,1285,"5,00M",909.8599999999999,"28,82B",10477.77,"1,93B",95.69,"467,04K",23058.609999999997,"7,19B",45.8,"14,02M",6506.91,"12,23B",19655.129999999997,"13,76B",2476.96,NA,0.190659667,1.04043434
01.12.2018,1228.6,"3,93M",963.6700000000001,"20,25B",11534.75,"1,81B",97.055,"401,49K",25779.57,"8,10B",52.45,"12,16M",7486.13,"13,12B",22629.39,"16,75B",2790.5,NA,-0.319396282,1.25496666
01.11.2018,1216.6,"5,14M",902.54,"27,60B",11419.61,"2,06B",96.885,"482,09K",25142.08,"7,23B",64.88,"15,12M",7327.820000000001,"12,57B",21906.41,"17,41B",2717.58,NA,-0.334934852,1.30865835
01.10.2018,1196.1,"6,22M",1000.75,"29,89B",12265.89,"2,31B",94.71,"502,98K",26598.36,"8,37B",73.29,"13,04M",8091.5,"14,83B",24173.37,"18,79B",2926.29,NA,0.176676346,1.30012681
01.09.2018,1207,"5,24M",922.91,"27,19B",12338.359999999999,"2,15B",95.115,"411,38K",25916.07,"5,26B",69.89,"10,09M",8087.95,"11,15B",22819.17,"14,92B",2896.96,NA,0.116202518,1.1321469
01.08.2018,1232.7,"6,04M",971.22,"25,55B",12826.7,"1,88B",94.355,"461,68K",25461.629999999997,"5,64B",68.43,"10,42M",7701.820000000001,"10,70B",22642.18,"15,62B",2821.17,NA,0.055554233,1.25524162
01.07.2018,1253.4,"5,84M",960.9399999999999,"28,49B",12147.94,"2,03B",94.3,"412,48K",24161.53,"5,41B",73.62,"10,91M",7451.9,"9,42B",22233.8,"15,71B",2704.9500000000003,NA,0.006746326,1.15523371
01.06.2018,1303,"5,48M",1007.07,"20,09B",12678.07,"2,40B",93.96,"446,09K",24542.09,"7,41B",67.07,"12,86M",7487.660000000001,"12,84B",22126.25,"15,60B",2718.7,NA,0.15938757,1.24572814
01.05.2018,1316,"7,34M",1048.1499999999999,"22,85B",12610.78,"2,29B",91.62,"601,07K",24117.29,"7,28B",68.56,"15,04M",7053.6500000000005,"10,64B",22453.420000000002,"16,57B",2643.64,NA,0.415891693,1.2160918
01.04.2018,1330.7,"6,38M",1152.1699999999998,"22,03B",11997.47,"1,92B",89.68,"478,85K",24076.6,"8,06B",64.91,"12,71M",7016.17,"10,16B",21441.57,"14,29B",2633.4500000000003,NA,0.397509156,1.01435433
01.03.2018,1319.3,"6,27M",1186.3,"23,76B",12386.4,"2,49B",90.655,"512,74K",25024.04,"8,87B",61.55,"12,38M",7274.75,"12,33B",21901.129999999997,"17,86B",2715.22,NA,0.22611259,1.02953583
01.02.2018,1348.2,"5,75M",1200.1599999999999,"19,56B",13235.15,"2,40B",88.935,"538,70K",26083.04,"9,45B",64.76,"11,99M",7377.17,"10,81B",23276.1,"18,97B",2816.4500000000003,NA,0.453468997,1.08846929
01.01.2018,1305.3,"7,55M",1157.35,"29,95B",12897.69,"2,17B",91.895,"591,43K",24809.35,"9,12B",60.2,"12,77M",6937.6500000000005,"10,40B",23073.73,"16,56B",2683.73,NA,0.544774545,0.87378801
01.12.2017,1277.9,"4,98M",1039.11,"18,79B",13044.15,"1,67B",92.905,"367,70K",24305.4,"6,59B",57.42,"9,49M",6844.04,"10,00B",22916.93,"16,31B",2645.1,NA,-0.058783228,0.57304923
01.11.2017,1271.8,"7,44M",1105.1299999999999,"25,31B",13342.44,"2,19B",94.415,"413,81K",23442.9,"7,34B",54.65,"12,53M",6758.64,"10,20B",22144.920000000002,"20,43B",2583.21,NA,0.002432469,0.75219045
01.10.2017,1282.2,"6,43M",1029.34,"19,87B",12866.27,"1,61B",92.965,"477,95K",22423.47,"7,30B",51.64,"11,95M",6506.08,"9,64B",20400.51,"19,31B",2521.2,NA,-0.06320421,0.72914351
01.09.2017,1326.9,"6,62M",1103.49,"18,54B",12101.15,"1,83B",92.6,"609,56K",21981.77,"6,34B",47.08,"12,24M",6442.17,"9,41B",19733.57,"18,63B",2474.42,NA,0.529490589,0.56521264
01.08.2017,1275.6,"6,55M",1078.85,"22,92B",12147.89,"1,79B",92.805,"579,14K",21961.420000000002,"6,15B",50.21,"17,17M",6372.160000000001,"9,58B",19907.08,"19,34B",2477.1,NA,0.29944523,0.67086016
01.07.2017,1241.7,"4,85M",1006.39,"17,87B",12396.34,"1,83B",95.405,"456,92K",21392.3,"5,57B",46.28,"14,57M",6173.29,"8,58B",20056.32,"18,46B",2431.3900000000003,NA,-0.068992264,0.72501612
01.06.2017,1271.6,"4,67M",978.54,"16,02B",12623.61,"2,11B",96.955,"530,87K",21030.55,"7,21B",48.63,"15,23M",6215.91,"12,50B",19692.16,"23,99B",2415.65,NA,0.090711101,0.73611135
01.05.2017,1269.6,"5,37M",949.9399999999999,"18,52B",12478.46,"2,07B",98.93,"593,68K",20962.73,"6,61B",49.17,"14,25M",6067.56,"10,24B",19154.03,"22,99B",2388.5,NA,0.085472183,0.7764088
01.04.2017,1251.9,"4,43M",890.2,"14,66B",12368.82,"1,70B",100.405,"469,32K",20665.17,"5,39B",50.69,"9,72M",5917.31,"8,30B",18988,"24,29B",2362.34,NA,0.296553337,0.76575378
01.03.2017,1248.5,"5,08M",877.2,"16,46B",11915.03,"2,43B",101.475,"706,02K",20957.29,"6,94B",53.95,"12,60M",5874.860000000001,"11,00B",19226.940000000002,"26,46B",2380.13,NA,0.081279787,0.91650302
01.02.2017,1212.2,"4,17M",863.9,"16,34B",11646.42,"1,69B",99.58,"673,84K",19923.809999999998,"6,19B",52.76,"9,09M",5654.51,"8,56B",18926.97,"26,06B",2285.59,NA,0.314611739,0.77438158
01.01.2017,1151.4,"4,85M",779.07,"18,36B",11426.38,"1,90B",102.815,"888,32K",19872.86,"6,48B",54.2,"10,11M",5425.620000000001,"8,38B",19298.68,"24,08B",2251.57,NA,0.582772789,0.72565107
01.12.2016,1175.1,"3,30M",740.6,"12,49B",10593.06,"1,98B",101.56,"719,09K",19149.2,"5,95B",49.07,"10,64M",5323.88,"9,32B",18535.24,"30,79B",2200.17,NA,0.032732139,0.70045658
01.11.2016,1277.8,"5,98M",788.02,"15,13B",10724.140000000001,"2,19B",98.39,"847,10K",18158.24,"2,11B",46.77,"13,50M",5199.7699999999995,"9,91B",17380.54,"32,37B",2128.68,NA,-0.155546087,0.34660933
01.10.2016,1321,"3,49M",769.24,"15,00B",10492.97,"1,85B",95.435,"511,68K",18279.6,"1,79B",48.04,"10,82M",5300.29,"7,97B",16566.03,"22,23B",2164.3300000000004,NA,0.124674851,0.28979681
01.09.2016,1311.7,"3,66M",762,"11,27B",10622.33,"2,24B",96.015,"459,33K",18396.57,"2,10B",44.85,"12,37M",5218.28,"9,63B",16885.16,"24,93B",2171.3300000000004,NA,0.240399586,0.2160743
01.08.2016,1357.2,"3,98M",762.2800000000001,"13,58B",10426.359999999999,"1,62B",95.49,"406,89K",18434.5,"1,70B",41.35,"11,59M",5167.42,"8,79B",16415.309999999998,"26,76B",2173.15,NA,0.091843011,0.22683746
01.07.2016,1324.8,"4,61M",771.7800000000001,"12,80B",9742.84,"1,87B",95.955,"404,80K",17924.24,"1,82B",48.38,"9,34M",4837.18,"8,01B",15698.02,"28,17B",2099.34,NA,-0.16181364,0.16534694
01.06.2016,1217.9,"4,54M",779.12,"12,61B",10242.78,"2,50B",95.8,"574,58K",17754.55,"2,35B",48.82,"10,42M",4928.969999999999,"10,96B",17097.22,"30,96B",2093.94,NA,0.328436617,0.51909852
01.05.2016,1293.2,"4,63M",852.42,"14,40B",10091.17,"1,78B",92.995,"394,72K",17783.780000000002,"1,88B",45.9,"11,20M",4786.55,"9,21B",16357.1,"25,72B",2067.17,NA,0.4045791,0.41364983
01.04.2016,1234.1,"3,66M",829.87,"15,38B",9833.26,"1,85B",94.62,"487,38K",17661.74,"2,10B",38.14,"11,62M",4842.55,"8,82B",16719.56,"32,30B",2056.62,NA,0.474106798,0.34527268
01.03.2016,1238.9,"4,59M",759.49,"17,09B",9482.66,"2,10B",98.205,"462,49K",16545.67,"2,41B",33.9,"10,88M",4596.01,"10,06B",16013,"33,07B",1937.09,NA,0.430600014,0.55140742
01.02.2016,1118,"4,08M",734.9599999999999,"15,75B",9823.730000000001,"2,53B",99.7,"580,15K",16453.629999999997,"2,49B",33.83,"11,47M",4587.59,"10,51B",17699.6,"41,74B",1936.94,NA,0.082307653,0.538738
01.01.2016,1061.5,"3,23M",717.2700000000001,"14,56B",10485.81,"2,23B",98.76,"674,88K",17405.480000000003,"2,84B",37.6,"10,39M",4897.6500000000005,"10,70B",18818.58,"32,41B",2038.2,NA,0.165310221,0.73450597
01.12.2015,1064.6,"2,56M",752.3299999999999,"15,13B",11422.47,"1,84B",100.25,"656,50K",17719.72,"2,52B",41.73,"8,70M",5129.64,"9,86B",19799.08,"27,53B",2082.9300000000003,NA,-0.341709644,0.64742223
01.11.2015,1141.3,"3,17M",836.54,"13,43B",10749.98,"1,73B",96.815,"561,73K",17672.62,"2,30B",46.43,"7,88M",5065.64,"8,40B",18827.109999999997,"25,60B",2080.7599999999998,NA,-0.211068038,0.6662057
01.10.2015,1114.5,"2,91M",746.23,"13,61B",9757.04,"2,19B",96.4,"647,74K",16278.62,"2,61B",45.38,"8,31M",4624.46,"9,91B",17479.97,"29,80B",1919.6499999999999,NA,-0.044968375,0.52877171
01.09.2015,1133.8,"2,67M",748.4399999999999,"9,16B",10073.740000000002,"2,66B",95.89,"790,53K",16528.03,"2,72B",48.1,"7,97M",4673.610000000001,"10,53B",18763.72,"31,33B",1970.09,NA,-0.155675658,0.51245991
01.08.2015,1095.1,"3,18M",798.8,"10,10B",11295.5,"2,18B",97.305,"1,08M",17696.74,"2,73B",46.86,"8,24M",5134.34,"10,46B",20540.21,"37,28B",2104.4900000000002,NA,-0.141627628,0.54830556
01.07.2015,1172.4,"3,60M",824.4499999999999,"11,27B",11050.32,"1,89B",95.795,"862,37K",17638.12,"2,03B",58.98,"7,17M",5029.05,"9,46B",20291.05,"33,18B",2067,NA,0.006704716,0.6670749
01.06.2015,1189.8,"2,70M",827.69,"13,78B",11462.97,"2,24B",96.99,"1,08M",18017.82,"2,22B",60.29,"6,54M",5094.94,"10,53B",20444.54,"34,65B",2108.64,NA,0.350287,0.5537778
01.05.2015,1183.7,"2,95M",838.81,"12,10B",11506.84,"1,78B",94.94,"1,00M",17859.27,"1,83B",59.79,"6,34M",4966.320000000001,"8,57B",19510.85,"32,92B",2087.38,NA,0.509723203,0.53392144
01.04.2015,1183.2,"2,87M",810.9,"14,13B",11902.92,"1,81B",98.73,"1,15M",17778.52,"2,17B",47.55,"7,63M",4894.360000000001,"8,96B",19129.75,"30,47B",2067.63,NA,0.203287325,0.41032252
01.03.2015,1213.8,"3,42M",844.05,"15,42B",11408.28,"2,18B",95.375,"1,23M",18134.05,"2,47B",49.45,"7,69M",4973.429999999999,"10,39B",18869.4,"31,92B",2105.23,NA,0.595172161,0.75170542
01.02.2015,1283,"2,39M",891.4499999999999,"14,01B",10719.18,"1,83B",94.905,"647,34K",17169.99,"1,75B",47.59,"8,46M",4650.6,"8,77B",17536.609999999997,"29,75B",1996.6699999999998,NA,0.434304492,0.53838038
01.01.2015,1184,"3,64M",854.48,"13,87B",9869.130000000001,"2,37B",90.81,"933,32K",17823.07,"2,17B",53.76,"7,31M",4760.24,"10,02B",17325.68,"26,92B",2058.9,NA,-0.470589237,0.7099428
01.12.2014,1159.4,"3,10M",862.14,"14,42B",9915.740000000002,"1,81B",88.37,"758,68K",17827.27,"2,22B",66,"6,56M",4777.73,"10,63B",17475.1,"29,63B",2065.7799999999997,NA,-0.567010091,0.38472537
01.11.2014,1171.1,"3,77M",805.56,"15,40B",9305.730000000001,"1,84B",87.13,"717,09K",17390.9,"1,52B",80.59,"5,85M",4633.71,"8,48B",16732.85,"31,55B",2018.21,NA,-0.539941794,0.71330026
01.10.2014,1209.4,"3,49M",750.01,"13,05B",9454.04,"2,63B",86.05,"938,40K",17040.460000000003,"2,31B",91.36,"7,17M",4486.6500000000005,"12,87B",16173.39,"34,36B",1971.44,NA,-0.251227781,0.7009647
01.09.2014,1288.5,"2,97M",804.55,"12,08B",9484.53,"1,72B",82.78,"686,68K",17097.420000000002,"1,87B",95.81,"5,56M",4592.42,"10,14B",15454.59,"25,30B",2004.07,NA,0.075256882,0.58085993
01.08.2014,1284.2,"2,19M",823.71,"11,76B",9379.740000000002,"1,69B",81.53,"434,38K",16561.7,"1,48B",97.7,"4,59M",4363.39,"8,18B",15511.54,"23,01B",1929.8,NA,-0.167051417,0.6494057
01.07.2014,1327.5,"3,07M",785.3599999999999,"10,55B",9853.740000000002,"1,71B",79.84,"388,36K",16828.53,"1,69B",105.44,"5,14M",4424.71,"9,70B",15179.640000000001,"24,68B",1962.29,NA,-0.039019396,0.59099495
01.06.2014,1250.5,"2,38M",796.48,"11,47B",9986.859999999999,"1,71B",80.405,"410,87K",16716.85,"1,76B",102.92,"4,12M",4247.96,"10,35B",14777.51,"27,15B",1923.87,NA,0.186212694,0.62452944
01.05.2014,1291.9,"2,88M",744.81,"11,78B",9611.79,"1,77B",79.57,"354,14K",16580.260000000002,"1,64B",99.72,"4,38M",4121.25,"9,83B",14341.09,"25,60B",1884.3899999999999,NA,0.349260984,0.62685415
01.04.2014,1284.6,"2,49M",698.49,"13,32B",9601.96,"1,60B",80.255,"319,79K",16458.05,"1,99B",101.53,"4,71M",4219.87,"11,05B",14870.51,"25,75B",1873.96,NA,0.329675445,0.7022221
01.03.2014,1332.4,"3,37M",616.55,"11,73B",9553.08,"2,04B",79.855,"420,41K",16321.710000000001,"2,10B",103,"4,59M",4261.42,"11,62B",14666.93,"30,12B",1857.6799999999998,NA,0.644004413,0.58045318
01.02.2014,1242,"2,40M",621.66,"11,22B",9318.77,"1,69B",81.385,"377,95K",15697.69,"2,07B",97.4,"3,93M",4105.06,"9,94B",14788.56,"33,90B",1782.6799999999998,NA,0.369790865,0.50867731
01.01.2014,1204.5,"2,93M",673.6700000000001,"14,80B",9598.25,"2,13B",80.43,"496,85K",16572.17,"2,18B",98.5,"4,49M",4160.03,"10,89B",16147.54,"37,35B",1845.9,NA,0.372024767,0.68063671
01.12.2013,1250.6,"2,62M",758.97,"13,88B",9412.949999999999,"1,44B",80.685,"392,46K",16087.12,"2,06B",92.71,"3,66M",4065.66,"9,26B",15659.740000000002,"31,51B",1806.5,NA,-0.00858115,0.41829993
01.11.2013,1323.1,"2,76M",779.04,"11,58B",9032.29,"1,68B",80.33,"403,31K",15558.01,"1,82B",96.32,"4,51M",3932.4500000000003,"8,56B",14403.07,"31,76B",1758.7,NA,-0.204242419,0.48963774
01.10.2013,1328.2,"3,28M",750.1800000000001,"9,31B",8618.59,"1,94B",80.27,"1,80K",15132.49,"2,21B",102.31,"5,14M",3774.18,"10,31B",14517.98,"30,95B",1682.4,NA,-0.257528326,0.49296942
01.09.2013,1394,"3,11M",674.4599999999999,"12,57B",8224.34,"2,08B",82.385,"133,12K",14801.55,"2,37B",107.07,"4,58M",3622.64,"8,33B",13438.07,"29,09B",1636,NA,0.116300449,0.54083451
01.08.2013,1323.4,"3,22M",742.54,"8,78B",8320.38,"1,85B",82.175,"7,51K",15503.849999999999,"2,33B",105.26,"5,30M",3654.18,"7,58B",13674.5,"31,59B",1689.4,NA,0.120293156,0.47506869
01.07.2013,1232.9,"3,68M",764.24,"12,70B",8000.02,"2,09B",83.62,"1,81K",14911.6,"2,57B",96.58,"5,38M",3430.48,"8,37B",13746.720000000001,"41,45B",1609.8,NA,0.039399753,0.54638104
01.06.2013,1388.8,"3,49M",804.63,"12,81B",8291.49,"2,05B",83.655,"185,16K",15123.55,"2,93B",91.73,"4,92M",3460.7599999999998,"9,56B",13551.359999999999,"47,55B",1631.7,NA,0.239970809,0.22769375
01.05.2013,1475.6,"4,33M",862.55,"12,48B",7905.35,"2,39B",81.93,"6,44K",14839.8,"2,77B",93.08,"5,87M",3325.3500000000004,"9,02B",13837.720000000001,"71,91B",1597.5,NA,0.178040777,-0.01939123
01.04.2013,1598.1,"4,83M",858.12,"9,88B",7806.120000000001,"2,70B",83.3,"1,86K",14578.54,"2,92B",97.36,"5,43M",3268.63,"9,23B",12371.34,"62,12B",1569.2,NA,-0.103963948,-0.02421188
01.03.2013,1578.5,"2,94M",793.2,"9,62B",7735.35,"3,18B",82.2,"211,54K",14054.49,"2,55B",91.76,"4,03M",3143.54,"7,85B",11464.710000000001,"42,52B",1514.7,NA,0.261450858,0.05034072
01.02.2013,1665.2,"3,31M",790.5,"11,12B",7792.59,"2,81B",79.25,"2,96K",13860.58,"2,49B",97.42,"4,12M",3162.94,"8,07B",11193.720000000001,"53,00B",1498.1,NA,0.819002953,0.17210018
01.01.2013,1676.4,"3,34M",788.57,"15,99B",7689.46,"2,74B",79.62,"579,50K",13104.3,"2,79B",91.78,"4,38M",3091.3300000000004,"8,32B",10604.5,"43,36B",1426.2,NA,0.295730419,0.08440142
01.12.2012,1715.5,"2,45M",731.26,"11,32B",7427.41,"1,90B",80.195,"396,45K",13027.730000000001,"2,67B",88.85,"3,59M",3029.21,"7,73B",9484.2,"34,33B",1416.3,NA,-0.269306449,-0.17237745
01.11.2012,1720.4,"3,45M",725.74,"11,66B",7255.3,"2,86B",79.99,"431,74K",13099.19,"2,68B",86.1,"5,17M",2987.54,"8,59B",8931.710000000001,"26,87B",1412.2,NA,-0.473808669,-0.00573705
01.10.2012,1773.7,"2,93M",662.7,"8,49B",7227.81,"2,73B",80.045,"395,86K",13437.66,"2,47B",92.15,"5,24M",3130.3100000000004,"8,25B",8815.07,"27,39B",1440.9,NA,-0.038892514,-0.09317224
01.09.2012,1693.4,"3,16M",673.04,"8,80B",6946.610000000001,"3,42B",81.21,"384,62K",13092.15,"2,70B",96.38,"4,34M",3063.25,"8,06B",8836.61,"24,04B",1406.5,NA,0.446221227,-0.16925714
01.08.2012,1617.5,"2,56M",642.07,"7,53B",6775.99,"2,80B",82.78,"414,15K",13007.47,"2,27B",88.03,"5,08M",2956.72,"8,59B",8622.04,"25,72B",1379.3,NA,0.556515818,-0.06008478
01.07.2012,1599.6,"2,93M",623.1,"8,95B",6405.39,"3,15B",81.73,"449,02K",12879.710000000001,"2,58B",84.65,"5,27M",2938.4100000000003,"8,86B",9103.79,"24,58B",1362.3,NA,-0.162978586,-0.05482603
01.06.2012,1561.8,"3,27M",551.25,"9,01B",6259.76,"3,39B",83.21,"628,71K",12391.56,"2,92B",86.44,"5,95M",2810.13,"10,16B",8465.47,"25,49B",1309.9,NA,-0.146639688,-0.04815105
01.05.2012,1666.1,"3,94M",599.72,"9,28B",6861.3,"3,35B",78.875,"669,29K",13214.16,"3,05B",104.89,"5,81M",3044.79,"10,55B",9471.66,"27,13B",1397.9,NA,-0.117347937,-0.08722198
01.04.2012,1671.5,"2,58M",625.98,"11,33B",6973.99,"3,21B",79.035,"390,03K",13211.359999999999,"2,57B",103.27,"4,48M",3085.94,"8,93B",10161.720000000001,"25,48B",1408.5,NA,0.30210295,0.19464573
01.03.2012,1695.6,"3,87M",603.99,"12,59B",6831.969999999999,"3,74B",78.8,"506,53K",12952.29,"3,20B",106.82,"5,74M",2979.11,"9,68B",9771.34,"33,41B",1365.9,NA,0.759455862,0.16923691
01.02.2012,1739.8,"3,23M",570.8,"13,50B",6482.95,"3,64B",79.48,"553,78K",12632.76,"2,71B",98.38,"5,54M",2830.1,"9,35B",8789.06,"34,56B",1312.5,NA,0.440297355,0.02185103
01.01.2012,1571,"3,16M",513.15,"11,86B",5900.18,"3,83B",80.155,"425,71K",12221.19,"2,98B",99.7,"5,41M",2657.3900000000003,"8,79B",8549.54,"21,54B",1258.9,NA,0.440019143,0.14610051
01.12.2011,1752.5,"2,69M",544.13,"8,24B",6080.48,"3,00B",78.485,"402,07K",12046.210000000001,"3,15B",100.51,"4,70M",2615.67,"8,75B",8581.2,"20,86B",1246.9,NA,-0.246651638,0.14446831
01.11.2011,1715.7,"3,30M",552.57,"8,99B",5934.54,"4,07B",76.63,"530,53K",11951.53,"3,40B",92.58,"6,24M",2607.3100000000004,"10,18B",8880.75,"22,76B",1251,NA,-0.084356133,0.13706953
01.10.2011,1625.1,"2,86M",589.07,"9,84B",5311.929999999999,"3,74B",79.44,"658,66K",10912.1,"3,91B",78.92,"6,57M",2401.19,"11,33B",8567.98,"23,72B",1131.2,NA,-0.206268263,0.09856249
01.09.2011,1826.2,"4,91M",545.89,"11,31B",5793.1,"4,65B",74.235,"711,88K",11613.3,"4,40B",88.73,"6,45M",2583.34,"11,94B",9017.01,"26,64B",1219.1,NA,0.151846212,0.21493888
01.08.2011,1622.2,"5,78M",627.3199999999999,"12,71B",7254.5,"5,64B",74.13,"634,35K",12144.220000000001,"6,20B",96.2,"8,28M",2791.4500000000003,"15,41B",9907.04,"34,29B",1292.6,NA,0.27575889,0.39497491
01.07.2011,1501.5,"3,35M",633.55,"8,05B",7374.49,"3,30B",74.82,"578,63K",12412.07,"3,09B",95.12,"5,45M",2775.08,"9,76B",9878.69,"24,51B",1320.6,NA,0.088604567,0.57395235
01.06.2011,1536.6,"2,86M",629.2900000000001,"10,29B",7310.56,"3,22B",74.525,"687,92K",12569.41,"3,88B",102.68,"7,33M",2829.3900000000003,"12,85B",9708.05,"28,90B",1345.2,NA,-0.107096706,0.49226699
01.05.2011,1566.8,"4,03M",696.21,"11,70B",7570.860000000001,"3,55B",73.185,"815,51K",12810.16,"3,58B",113.89,"7,60M",2881.2799999999997,"11,83B",9964.39,"24,76B",1365.2,NA,0.470418753,0.71147484
01.04.2011,1433.8,"2,91M",643.16,"14,52B",7086.56,"2,42B",76.3,"467,91K",12321.02,"3,32B",106.62,"5,62M",2796.67,"10,19B",9757.28,"29,91B",1329.5,NA,0.643942954,0.97750283
01.03.2011,1411.6,"3,60M",615.25,"18,36B",7309.8,"3,09B",76.855,"595,87K",12226.49,"3,85B",96.97,"6,87M",2791.08,"12,13B",10676.240000000002,"47,92B",1328.6,NA,0.975107203,0.87385088
01.02.2011,1334,"2,52M",638.1,"14,15B",7133.34,"2,13B",77.76,"407,93K",11892.5,"3,22B",92.2,"6,10M",2717.61,"9,62B",10281.55,"31,25B",1289.1,NA,0.493136503,0.82968718
01.01.2011,1420.4,"3,65M",663.63,"17,61B",6973.39,"2,36B",79.31,"494,63K",11577.43,"3,68B",91.31,"6,93M",2676.65,"9,52B",10352.19,"27,36B",1257.6,NA,0.476323005,0.86397716
01.12.2010,1387.7,"2,63M",655.61,"16,18B",6748.360000000001,"1,79B",81.335,"412,78K",11007.230000000001,"3,25B",83.66,"5,43M",2535.19,"9,34B",9939.8,"26,38B",1186.6,NA,0.171844079,0.62620927
01.11.2010,1359.7,"4,35M",694.42,"10,98B",6637.09,"2,33B",77.105,"576,63K",11120.3,"3,81B",81.45,"6,76M",2520.4500000000003,"11,05B",9166.849999999999,"27,36B",1185.7,NA,0.042064642,0.33888956
01.10.2010,1309.6,"3,43M",657.63,"13,52B",6244.06,"2,17B",78.99,"524,89K",10789.720000000001,"3,79B",79.84,"6,45M",2386.82,"10,96B",9440.52,"29,22B",1143.5,NA,0.124519889,0.40880525
01.09.2010,1250.3,"2,42M",601,"9,59B",5936.94,"2,45B",83.18,"466,55K",10016.01,"3,76B",71.7,"6,82M",2142.75,"11,62B",8833.32,"24,80B",1049.7,NA,0.058173623,0.57706775
01.08.2010,1183.8,"1,96M",603.3599999999999,"7,30B",6187.64,"2,10B",81.57,"443,72K",10468.82,"4,12B",78.95,"6,81M",2283.32,"11,61B",9574.640000000001,"25,52B",1107.5,NA,0.138066428,0.65616389
01.07.2010,1243,"3,00M",542.38,"8,28B",5885.610000000001,"2,22B",86.45,"414,56K",9773.27,"4,20B",75.37,"6,21M",2110.75,"12,50B",9296.859999999999,"29,38B",1031.1,NA,0.021104306,0.84675907
01.06.2010,1216.7,"2,66M",541.97,"9,45B",5943.94,"2,63B",86.725,"448,83K",10133.94,"4,94B",73.97,"7,26M",2244.79,"14,17B",9747.26,"26,99B",1087.3,NA,-0.097626708,1.01936098
01.05.2010,1181,"3,78M",587.9399999999999,"13,28B",6122.76,"3,89B",82.05,"707,64K",11009.6,"5,61B",86.2,"7,89M",2472.32,"15,56B",10847.9,"31,69B",1188.6,NA,0.077519735,1.22638786
01.04.2010,1114.6,"2,73M",568.22,"13,53B",6189.38,"2,74B",81.215,"456,19K",10857.31,"4,24B",83.36,"7,25M",2411.68,"13,66B",11178.92,"30,39B",1171.2,NA,0.173688491,1.3091053
01.03.2010,1119,"3,47M",504.82,"13,23B",5652.85,"2,58B",80.535,"551,28K",10326.1,"4,39B",79.84,"6,52M",2247.4,"14,44B",10128.730000000001,"28,40B",1105.4,NA,0.410628354,0.99873153
01.02.2010,1081.9,"3,36M",547.31,"13,90B",5587.5,"2,61B",79.61,"511,18K",10068.99,"4,28B",72.84,"6,57M",2155.8100000000004,"12,18B",10212.359999999999,"24,86B",1073.9,NA,0.024920738,1.12451541
01.01.2010,1099,"3,65M",528.19,"16,21B",5975.52,"2,64B",78.355,"369,13K",10430.69,"4,39B",79.63,"5,38M",2294.4100000000003,"12,78B",10609.34,"34,61B",1116.6,NA,0.341747357,1.29792486
01.12.2009,1181.4,"3,77M",452.09,"15,12B",5653.88,"1,88B",74.845,"392,18K",10343.82,"4,17B",77.35,"5,66M",2162.23,"11,53B",9281.82,"33,35B",1098.9,NA,-0.176119817,0.84804056
01.11.2009,1043.4,"3,58M",467.2,"12,39B",5410.610000000001,"2,33B",76.475,"345,60K",9712.130000000001,"3,81B",77.02,"6,45M",2047.42,"11,98B",9903.77,"27,60B",1036.2,NA,0.070775337,1.06141004
01.10.2009,1008.3,"3,02M",482.28,"14,92B",5681.88,"2,84B",76.87,"264,57K",9711.6,"5,15B",70.4,"6,92M",2111.77,"15,23B",10072.640000000001,"31,34B",1054.9,NA,0.096310119,0.99714116
01.09.2009,952,"2,60M",469.58,"12,21B",5479.35,"2,48B",78.17,"184,61K",9492.32,"4,48B",69.85,"5,75M",2001.3,"14,27B",10453.369999999999,"25,85B",1019.5,NA,0.062548069,0.94923764
01.08.2009,954.5,"1,62M",430.18,"16,69B",5330.87,"1,81B",78.16,"140,29K",9173.65,"4,04B",69.3,"5,72M",1998.35,"12,70B",10355.230000000001,"29,27B",990.2,NA,0.224285004,1.15904037
01.07.2009,926.1,"2,11M",368.54,"15,31B",4820.610000000001,"2,15B",80.385,"122,71K",8447.53,"4,90B",70.45,"5,91M",1846.12,"14,22B",9889.34,"33,93B",920.8,NA,-0.158558692,1.26690282
01.06.2009,981,"2,09M",358.05,"16,77B",4992.1,"2,20B",79.305,"169,49K",8501.53,"5,52B",66.48,"5,60M",1796.09,"16,20B",9517.49,"37,96B",923.3,NA,0.858989226,1.32210554
01.05.2009,888.9,"2,05M",319.96,"18,12B",4790.03,"2,49B",84.9,"125,98K",8167.41,"6,73B",50.95,"5,04M",1719.29,"14,46B",8848.84,"30,07B",872.7,NA,0.288876383,1.0174109
01.04.2009,920,"1,65M",256.16,"15,55B",4074.79,"2,92B",86.01,"104,13K",7606.13,"7,80B",48.96,"4,69M",1504.87,"15,43B",8173.360000000001,"37,98B",793.6,NA,0.249636828,0.71281967
01.03.2009,940.3,"2,64M",236.79,"11,29B",3817.51,"3,48B",88.4,"143,40K",7056.48,"10,56B",44.34,"5,17M",1356.1299999999999,"17,30B",7454.28,"33,77B",729.6,NA,0.243174846,1.25074177
01.02.2009,924.6,"2,25M",255.60999999999999,"8,62B",4309.17,"2,82B",86.685,"103,45K",8000.620000000001,"7,13B",41.75,"4,86M",1460.85,"15,71B",7908.51,"28,09B",823.1,NA,0.497293304,1.03930649
01.01.2009,883,"2,42M",271.47999999999996,"11,05B",4856.85,"3,16B",82.195,"80,85K",8772.25,"6,26B",43.72,"5,13M",1578.87,"15,09B",8991.210000000001,"26,55B",903,NA,0.435241738,0.93854104
01.12.2008,819,"1,77M",256.35,"7,27B",4653.120000000001,"3,03B",86.58,"99,22K",8826.89,"5,70B",54.62,"4,47M",1496.09,"15,38B",8464.359999999999,"26,64B",888.6,NA,-1.034247381,0.97537985
01.11.2008,727,"2,25M",281.32,"11,52B",5053.94,"3,29B",86.345,"79,79K",9326.04,"6,26B",67.37,"4,52M",1718.8899999999999,"15,97B",8702.77,"28,50B",968.7,NA,-1.915289533,1.63162854
01.10.2008,876.9,"2,85M",339.45,"12,37B",5865.08,"6,54B",79.18,"142,52K",10847.4,"8,31B",101.86,"5,69M",2075.1,"25,28B",11396.61,"42,67B",1164.2,NA,-1.010133328,1.48506331
01.09.2008,842.2,"3,80M",393.81,"8,55B",6400.85,"4,71B",77.33,"195,82K",11545.630000000001,"6,30B",116.65,"5,66M",2402.11,"19,75B",12936.81,"29,06B",1287.8,NA,-0.138301854,1.23957472
01.08.2008,922.9,"2,77M",419.14000000000004,"6,56B",6461.01,"2,63B",73.425,"141,47K",11379.89,"3,58B",124.06,"5,46M",2326.8300000000004,"14,41B",13276.57,"24,43B",1269.4,NA,-0.399156226,1.35649733
01.07.2008,928,"3,53M",348.81,"8,81B",6394.08,"3,93B",72.75,"115,95K",11344.640000000001,"5,52B",140.18,"5,83M",2274.24,"20,42B",13514.859999999999,"26,59B",1276.7,NA,0.525101113,1.44558109
01.06.2008,891.3,"2,47M",399.19,"5,28B",7098.7,"3,11B",72.95,"129,35K",12637.67,"5,31B",127.63,"6,23M",2514.82,"19,27B",14342.96,"28,26B",1399.6,NA,1.007699693,1.48755401
01.05.2008,879,"2,77M",431.19,"4,97B",6982.06,"2,70B",72.75,"130,90K",12818.34,"4,53B",114.6,"6,80M",2416.4900000000002,"17,48B",13802.59,"27,00B",1386,NA,0.842088603,1.40051629
01.04.2008,920.5,"2,56M",388.18,"7,33B",6519.02,"3,06B",72.23,"124,05K",12266.640000000001,"5,05B",101.57,"5,63M",2306.51,"17,61B",12539.8,"25,73B",1326.4,NA,0.606477839,1.06289422
01.03.2008,975.6,"3,19M",436.59,"6,33B",6692.98,"3,65B",73.65,"139,77K",12264.359999999999,"6,23B",101.63,"5,99M",2271.2599999999998,"19,52B",13412.869999999999,"28,21B",1330.5,NA,0.866821293,1.02522008
01.02.2008,929.8,"2,41M",435.62,"7,33B",6896.1900000000005,"3,51B",75.35,"74,48K",12638.17,"5,72B",91.36,"5,14M",2392.58,"19,89B",13517.740000000002,"29,16B",1378.6,NA,0.290411218,1.11112286
01.01.2008,837.5,"3,12M",551.6,"6,62B",8045.969999999999,"4,97B",76.74,"69,47K",13261.82,"7,46B",96.05,"5,46M",2653.9100000000003,"24,81B",15155.730000000001,"31,14B",1468,NA,0.497057647,1.39949068
01.12.2007,789.4,"1,53M",541.16,"3,64B",7859.39,"2,18B",76.1,"51,55K",13368.220000000001,"4,31B",88.79,"4,25M",2654.9100000000003,"16,08B",15747.47,"23,31B",1479.6,NA,-0.067086313,1.38696881
01.11.2007,799.4,"3,11M",581.58,"6,33B",8024.41,"3,62B",76.57,"56,40K",13924.16,"5,98B",95.15,"6,16M",2835,"21,07B",16812.9,"30,90B",1545.8,NA,0.593961787,1.82624712
01.10.2007,750.6,"2,34M",540.04,"8,65B",7851.29,"3,01B",77.67,"55,74K",13895.710000000001,"5,01B",81.75,"6,02M",2704.25,"20,70B",16773.1,"26,33B",1527.3,NA,0.213919133,1.98911422
01.09.2007,681.9,"1,88M",501.98999999999995,"7,48B",7643.64,"2,80B",80.755,"86,47K",13358.39,"4,33B",73.9,"4,78M",2596.38,"15,46B",16511.07,"20,69B",1474,NA,0.275590741,1.94622258
01.08.2007,675.3,"1,52M",528.25,"8,03B",7472.360000000001,"3,82B",80.77,"82,49K",13211.09,"6,20B",77.94,"4,98M",2538.5,"23,99B",17169.2,"3,20M",1455.2,NA,-0.183390223,2.13388077
01.07.2007,651.6,"1,74M",470.94,"9,75B",7969.2699999999995,"3,17B",81.655,"85,25K",13409.6,"5,51B",70.52,"4,25M",2617.3900000000003,"20,21B",18139.04,"2,64M",1504.7,NA,-0.025437721,2.37357342
01.06.2007,666.5,"1,40M",470.81,"4,66B",7891.2,"3,54B",82.23,"81,00K",13628.69,"5,22B",64.23,"4,42M",2614.01,"20,01B",17949.920000000002,"2,73M",1530.6,NA,0.193797518,2.24630973
01.05.2007,681.2,"1,75M",449.84000000000003,"6,47B",7429.929999999999,"3,12B",81.25,"46,04K",13062.75,"4,99B",65.66,"4,71M",2529.9500000000003,"20,21B",17396.3,"2,76M",1482.4,NA,0.611071867,2.0318442
01.04.2007,671.1,"1,30M",436.61,"8,50B",6911.13,"2,47B",82.64,"44,40K",12354.52,"4,82B",66.03,"4,11M",2425.36,"18,18B",17346.25,"2,60M",1420.8,NA,0.649616269,2.07748685
01.03.2007,672.8,"1,62M",414.31,"7,74B",6714.25,"3,60B",83.53,"64,61K",12265.59,"5,63B",61.82,"4,75M",2377.18,"20,27B",17542.23,"3,40M",1406.8,NA,0.910569585,2.0249864
01.02.2007,658.5,"1,41M",411.83,"7,86B",6821.31,"2,86B",84.48,"67,22K",12617.2,"4,35B",57.89,"4,78M",2474.08,"17,10B",17377.03,"3,26M",1437.9,NA,0.535036756,2.28715091
01.01.2007,639.2,"1,48M",391.17,"6,37B",6614.73,"3,02B",83.19,"56,48K",12459.54,"4,99B",60.95,"4,94M",2429.72,"18,72B",17322.5,"2,67M",1418,NA,0.305252725,2.14807579
01.12.2006,655,"758,89K",381.69,"4,57B",6322.18,"1,92B",82.81,"65,07K",12220.97,"4,34B",62.85,"3,22M",2430.75,"16,06B",16313.02,"2,42M",1400.6,NA,0.148883375,2.12213778
01.11.2006,607.5,"921,26K",405.82,"4,90B",6262.71,"2,66B",85.07,"61,42K",12080.25,"4,72B",58.6,"3,70M",2373.4900000000002,"17,20B",16338.720000000001,"2,14M",1377.8,NA,-0.148662042,2.1998854
01.10.2006,606.2,"739,09K",369.25,"4,92B",6019.34,"2,43B",85.72,"80,30K",11678.99,"5,54B",62.8,"3,33M",2257,"20,92B",16169,"2,21M",1335.8,NA,-0.542138985,2.21206207
01.09.2006,633.6,"791,58K",372.86,"4,80B",5861.25,"2,48B",84.99,"74,68K",11382.75,"4,49B",70.29,"2,40M",2194.56,"18,44B",16072.81,"2,06M",1303.8,NA,-0.490436488,2.20605719
01.08.2006,646.5,"740,73K",360.68,"4,48B",5678.01,"2,54B",85.09,"47,59K",11184.8,"4,62B",74.4,"2,05M",2080.34,"18,68B",15387.52,"2,28M",1278.5,NA,0.196560197,2.2982861
01.07.2006,627,"998,44K",354.53,"5,18B",5688,"2,09B",84.83,"72,81K",11149.34,"5,55B",73.95,"1,82M",2177.9100000000003,"26,89B",15573.349999999999,"2,09M",1270.1,NA,0.295712173,2.49634953
01.06.2006,649.8,"1,05M",381.32,"7,88B",5677.53,"2,86B",84.63,"99,88K",11169.03,"6,92B",71.26,"2,28M",2179.82,"17,54B",15603.25,"2,53M",1270,NA,0.197530864,2.45080986
01.05.2006,656.8,"1,65M",438.8,"6,89B",6014.38,"3,34B",85.69,"84,03K",11367.78,"7,30B",71.7,"2,46M",2329.79,NA,16929.829999999998,"2,34M",1310.6,NA,0.496277916,2.40637015
01.04.2006,587.8,"1,16M",429.11,"5,23B",5989.08,"2,11B",89.39,"87,46K",11113,"5,58B",66.25,"2,07M",2352.24,NA,17127.609999999997,"2,15M",1302.9,NA,0.850850851,2.35839303
01.03.2006,563.1,"1,56M",470.16,"8,32B",5806.96,"2,78B",90.02,"125,30K",10993.25,"6,68B",61.58,"2,30M",2288.15,NA,16026.82,"2,39M",1280.7,NA,0.55359839,2.38362088
01.02.2006,575.1,"1,08M",445.9,"5,47B",5662.05,"2,13B",88.83,"94,66K",10862.140000000001,"5,76B",67.8,"2,26M",2294.11,NA,16594.9,"2,77M",1280.1,NA,0.201714574,2.20441278
01.01.2006,519.9,"1,51M",397.78,"4,94B",5410.24,"2,53B",90.49,"73,43K",10718.3,"6,43B",61.04,"2,15M",2216.53,NA,16294.65,"2,68M",1248.3,NA,0.762195122,2.06484172
01.12.2005,498,"1,06M",380.89,"5,51B",5210.54,"1,74B",91.5,"103,29K",10806.03,"5,22B",57.4,"1,84M",2244.8500000000004,NA,14914.75,"3,24M",1249.5,NA,-0.4048583,2.01834727
01.11.2005,466.5,"1,36M",319.64000000000004,"5,09B",4922.91,"2,27B",89.94,"109,35K",10437.51,"5,39B",59.76,"1,90M",2109.8900000000003,NA,13718.210000000001,"3,47M",1207,NA,-0.803212851,2.07568901
01.10.2005,471.5,"1,10M",333.33,"4,98B",5060.99,"2,24B",89.27,"108,21K",10569.5,"5,83B",66.2,"1,93M",2152.7,NA,13566.2,"3,28M",1228.8,NA,0.201207243,1.96704484
01.09.2005,438.4,"1,29M",309.08,"6,53B",4846.660000000001,"2,37B",87.51,"86,30K",10481.44,"5,22B",68.75,"2,17M",2150.03,NA,12501.43,"3,27M",1220.3,NA,1.221995927,1.73569017
01.08.2005,435.4,"1,16M",296.15000000000003,"4,61B",4882.39,"2,17B",89.26,"93,60K",10641.78,"5,08B",60.51,"2,43M",2191.4900000000002,NA,11907.42,"2,34M",1234.2,NA,0.511770727,2.00821677
01.07.2005,436.5,"1,08M",269.57,"4,99B",4584.44,"2,29B",89.01,"57,20K",10273.59,"4,82B",56.56,"1,97M",2060.9700000000003,NA,11573.369999999999,"1,43M",1191.3,NA,0.462724936,1.82002108
01.06.2005,418.7,"1,17M",252.36,"4,12B",4467.320000000001,"2,37B",87.73,"72,07K",10462.859999999999,"5,03B",51.95,"2,18M",2067.23,NA,11220.94,"1,62M",1191.5,NA,0.051440329,1.66688811
01.05.2005,435.7,"1,09M",235.92000000000002,"4,28B",4208.63,"1,97B",84.47,"71,77K",10192,"4,84B",49.28,"2,06M",1923.23,NA,10954.210000000001,"1,45M",1156.8,NA,-0.102774923,1.78986568
01.04.2005,431.1,"818,81K",255.58,"3,87B",4348.03,"2,18B",84.1,"60,14K",10504.57,"5,85B",55.25,"2,10M",2009.09,NA,11590.449999999999,"1,67M",1180.6,NA,0.672529747,2.02052684
01.03.2005,437.5,"1,18M",283.96,"4,91B",4345.24,"2,13B",82.68,"63,82K",10769.04,"5,82B",51.77,"2,12M",2057.4700000000003,NA,11734.140000000001,"2,03M",1203.6,NA,0.782064651,1.97934111
01.02.2005,424.3,"825,16K",273.3,"5,89B",4256.6500000000005,"2,01B",83.57,"54,02K",10489.720000000001,"5,04B",48.21,"1,59M",2063.27,NA,11422.02,"1,67M",1181.3,NA,0.576822234,1.81315912
01.01.2005,438.9,"1,15M",249.72,"5,82B",4260.92,"2,22B",81.11,"59,05K",10783.75,"5,30B",43.1,"1,84M",2184.75,NA,11458.27,"1,62M",1211.9,NA,0.21019443,1.7792759
01.12.2004,453.4,"981,97K",224.86,"6,29B",4108.55,"1,66B",81.87,"70,17K",10425.8,"5,74B",49.07,"1,85M",2104.58,NA,10790.449999999999,"1,44M",1173.8,NA,-0.366492147,1.90953662
01.11.2004,430.5,"1,37M",229,"5,03B",3961.18,"2,06B",84.76,"50,16K",10028.730000000001,"5,61B",51.82,"1,81M",1975.48,NA,10731.02,"1,40M",1130.2,NA,0.052383447,1.60768876
01.10.2004,420.4,"1,01M",219.54,"6,00B",3895.15,"2,06B",87.52,"47,93K",10082.04,"5,29B",49.64,"2,08M",1909.59,NA,10893.19,"1,59M",1114.6,NA,0.526592944,1.6871063
01.09.2004,412.1,"881,01K",202.18,"8,38B",3794.17,"1,90B",89,"41,38K",10170.12,"4,63B",42.11,"2,04M",1833.37,NA,11104.849999999999,"1,67M",1104.2,NA,0.211081794,1.48469164
01.08.2004,395,"878,66K",193.81,"4,88B",3891.18,"1,83B",89.98,"37,00K",10138.449999999999,"3,72B",43.69,"2,23M",1874.93,NA,11274.449999999999,"1,48M",1101.7,NA,0.05279831,1.85580269
01.07.2004,393.3,"1,09M",179.68,"4,98B",4078.36,"1,84B",89.07,"56,84K",10434,"4,45B",37.05,"1,75M",2045.53,NA,11933.33,"1,37M",1140.8,NA,-0.158144439,1.93379862
01.06.2004,396,"865,19K",170.81,"3,48B",3924.3,"1,79B",88.68,"47,90K",10187.18,"4,11B",40.4,"1,95M",1978.52,NA,11204.69,"1,70M",1120.7,NA,0.317292438,1.94657611
01.05.2004,388.9,"986,07K",180.23,"4,64B",3972.88,"1,87B",90.81,"59,18K",10227.27,"4,02B",37.39,"1,89M",1928.72,NA,11777.44,"1,70M",1107.3,NA,0.585106383,1.88324516
01.04.2004,427.5,"1,12M",201.91,"5,49B",3858.34,"2,05B",87.9,"50,79K",10357.52,"4,53B",35.82,"1,97M",1996.45,NA,11756.16,"2,43M",1126.2,NA,0.320170758,1.35814941
01.03.2004,397.5,"1,22M",188.89000000000001,"8,08B",4026.19,"2,69B",87.11,"59,96K",10582.25,"4,97B",36.16,"2,00M",2036.92,NA,11112.68,"2,43M",1144.9,NA,0.644468314,1.47016466
01.02.2004,403.1,"857,40K",172.59,"4,09B",4062.79,"1,86B",87.34,"52,09K",10487.78,"3,82B",33.2,"1,64M",2072.13,NA,10784.93,"1,28M",1131.1,NA,0.539956803,1.57158074
01.01.2004,416.8,"1,20M",186.25,"5,94B",3969.04,"2,31B",87.07,"49,34K",10452.740000000002,"4,38B",32.4,"1,83M",2011.08,NA,10787.83,"1,44M",1111.9,NA,0.488334238,1.70195436
01.12.2003,398.9,"710,09K",146.18,"7,80B",3752.72,"1,69B",90.15,"44,66K",9785.349999999999,"4,17B",30.26,"1,55M",1972.97,NA,10006.130000000001,"1,27M",1058.2,NA,,
01.11.2003,384.7,"996,72K",157.54,"4,54B",3657.61,"1,93B",92.86,"48,76K",9802.46,"3,55B",29.13,"1,57M",1941.31,NA,10693.66,"1,27M",1050.7,NA,,
01.10.2003,385.9,"1,01M",130.56,"9,23B",3255.7599999999998,"2,16B",93.11,"39,62K",9276.8,"4,79B",29.15,"1,73M",1797.07,NA,10232.57,"1,96M",996,NA,,
01.09.2003,376.8,"911,76K",116.11999999999999,"5,84B",3493.34,"2,26B",98.2,"44,38K",9416.67,"4,39B",31.28,"1,65M",1817.92,NA,10399.53,"1,83M",1008,NA,,
01.08.2003,356,"741,88K",105.72,"3,86B",3481.8100000000004,"1,76B",97.03,"19,51K",9232.68,"3,81B",30.58,"1,66M",1731.6299999999999,NA,9646.66,"1,74M",990.3,NA,,
01.07.2003,346.4,"832,40K",108.84,"2,76B",3217.21,NA,94.86,"37,08K",8983.66,"4,91B",30.12,"1,53M",1617.3,NA,9097.61,"1,89M",974.5,NA,,
01.06.2003,364,"758,31K",113.81,"3,16B",2990.9300000000003,NA,93.81,"48,34K",8851.449999999999,"4,99B",29.49,"1,53M",1612.1,NA,8490.220000000001,"1,72M",963.6,NA,,
01.05.2003,339.2,"849,28K",115.1,"4,63B",2938.72,NA,97.35,"28,04K",8478.48,"4,87B",25.95,"1,63M",1463,NA,7804.03,NA,916.9,NA,,
01.04.2003,335.7,"615,89K",94.75,"4,86B",2426.24,NA,99.34,"30,96K",7992.83,"5,13B",31.16,"1,48M",1347.54,NA,7907.13,NA,848.2,NA,,
01.03.2003,349.8,"757,50K",115.74000000000001,"2,91B",2553.74,NA,99.75,"43,89K",7890.24,"5,62B",36.45,"1,58M",1344.21,NA,8397.15,NA,841.1,NA,,
01.02.2003,368.9,"844,34K",110.32,"3,13B",2750.4,NA,100.46,"24,95K",8053.74,"4,42B",33.33,"1,71M",1324.74,NA,8285.55,NA,855.7,NA,,
01.01.2003,347.6,"845,17K",103.7,"3,44B",2898.68,NA,102.71,"22,96K",8342.38,"5,43B",31.6,"1,89M",1346.93,NA,8669.89,NA,879.8,NA,,
01.12.2002,319.1,"704,46K",133,"3,46B",3332.73,NA,106.59,"38,70K",8902.949999999999,"4,61B",26.9,"1,63M",1507.94,NA,9208.61,NA,936.3,NA,,
01.11.2002,318.3,"558,88K",102.52,"6,84B",3152.19,NA,106.71,"28,59K",8395.640000000001,"5,34B",27.2,"1,56M",1320.95,NA,8651.67,NA,885.8,NA,,
01.10.2002,324.3,"645,19K",88.42,"3,01B",2772.96,NA,107.1,"32,86K",7593.04,"7,50B",30.45,"1,87M",1180.26,NA,9289.53,NA,815.3,NA,,
01.09.2002,313.8,"585,81K",95.47,"1,48B",3698.69,NA,106.46,"21,42K",8659.27,"5,60B",29,"1,48M",1302.6699999999998,NA,9564.9,NA,916.1,NA,,
01.08.2002,305.2,"528,50K",102.36,"2,21B",3699.3100000000004,NA,107.81,"14,10K",8732.58,"5,59B",27,"1,77M",1322.47,NA,9912.59,NA,911.6,NA,,
01.07.2002,314.5,"707,86K",93.8,"3,27B",4377.1,NA,106.22,"20,68K",9239.25,"7,66B",26.89,"1,59M",1457.04,NA,10655,NA,989.8,NA,,
01.06.2002,327.5,"637,19K",104.14,"1,48B",4818.07,NA,111.98,"27,14K",9923.94,"5,80B",25.26,"1,52M",1613.5,NA,11804.04,NA,1067.1,NA,,
01.05.2002,309.1,"777,47K",114.42,"1,62B",5043.01,NA,115.34,"28,94K",9944.9,"4,80B",27.25,"1,88M",1683.76,NA,11540.09,NA,1076.9,NA,,
01.04.2002,304,"534,75K",116.79,"2,27B",5379.64,NA,118.93,"37,50K",10402.07,"5,11B",26.46,"1,80M",1834.59,NA,11106.07,NA,1146,NA,,
01.03.2002,297.4,"459,26K",110.56,"2,10B",5025.96,NA,119.35,"23,90K",10111.04,"4,56B",21.8,"1,57M",1745.49,NA,10641.359999999999,NA,1108.7,NA,,
01.02.2002,283,"562,30K",132.52,"1,55B",5109.48,NA,120.45,"25,90K",9923.04,"4,65B",19.47,"1,46M",1928.83,NA,10026.96,NA,1127.4,NA,,
01.01.2002,279.5,"537,17K",140.78,"2,99B",5155.26,NA,116.81,"20,09K",10021.710000000001,"4,96B",19.9,"1,53M",1965.1799999999998,NA,10631,NA,1149,NA,,
01.12.2001,275.2,"321,84K",116.34,"2,69B",4986.58,NA,115.63,"25,60K",9848.93,"4,27B",19.4,"1,20M",1915.1299999999999,NA,10694.65,NA,1139.5,NA,,
01.11.2001,280.5,"396,69K",98.49000000000001,"3,86B",4556.71,NA,114.9,"34,94K",9087.449999999999,"4,66B",21.26,"1,54M",1705.52,NA,10430.59,NA,1063.1,NA,,
01.10.2001,293.7,"447,68K",76.26,"2,62B",4315.06,NA,114.01,"17,64K",8845.97,"5,72B",23.5,"1,36M",1491.45,NA,9766.75,NA,1037.9,NA,,
01.09.2001,276.1,"289,49K",98.79,"1,24B",5195.67,NA,114.31,"11,03K",9946.98,"5,56B",27.17,"1,20M",1802.29,NA,10729.6,NA,1133.6,NA,,
01.08.2001,269.2,"509,51K",99.14999999999999,"1,54B",5859.68,NA,117.25,"21,49K",10527.38,"4,08B",26.35,"1,48M",2051.56,NA,11920.640000000001,NA,1211.2,NA,,
01.07.2001,271.5,"433,88K",112.04,"1,90B",6053.81,NA,119.7,"38,33K",10504.949999999999,"4,61B",26.31,"1,39M",2156.7599999999998,NA,12929.66,NA,1224.4,NA,,
01.06.2001,266.8,"437,15K",108.8,"1,55B",6122.96,NA,119.14,"20,90K",10913.57,"4,89B",28.48,"1,50M",2131.12,NA,13365.08,NA,1255.8,NA,,
01.05.2001,264.3,"688,58K",123.66999999999999,"2,36B",6272.03,NA,115.82,"22,59K",10734.05,"4,52B",28.43,"1,29M",2116.24,NA,14096.32,NA,1249.5,NA,,
01.04.2001,259.1,"334,98K",80.23,"1,92B",5843.37,NA,117.77,"21,57K",9877.16,"5,18B",26.35,"1,26M",1835.22,NA,13057.65,NA,1160.3,NA,,
01.03.2001,267.7,"549,34K",87.92,"952,95M",6212.660000000001,NA,112.01,"20,45K",10493.25,"6,04B",27.41,"1,47M",2126.3,NA,12811.52,NA,1239.9,NA,,
01.02.2001,267.8,"400,27K",106.85,"1,39B",6788.57,NA,110.3,"14,63K",10884.82,"4,16B",28.7,"1,34M",2771.57,NA,13740.92,NA,1366,NA,,
01.01.2001,273.8,"488,25K",94.36999999999999,"1,43B",6431.14,"1,10B",109.11,"20,13K",10790.92,"5,83B",26.9,"1,37M",2474.16,NA,13898.09,NA,1320.3,NA,,
01.12.2000,273.2,"343,61K",87.48,"856,47M",6379.26,"821,07M",115.16,"14,79K",10416.76,"5,21B",33.76,"1,22M",2644.09,NA,14600.53,NA,1315,NA,,
01.11.2000,266.5,"689,58K",135.38000000000002,"1,19B",7093.84,"883,09M",116.52,"17,96K",10966.210000000001,"4,68B",32.69,"1,29M",3316.51,NA,14557.449999999999,NA,1429.4,NA,,
01.10.2000,277.3,"409,41K",113.5,"1,30B",6800.07,"949,24M",112.87,"14,53K",10659.06,"6,26B",30.97,"1,42M",3714.48,NA,15735.710000000001,NA,1436.5,NA,,
01.09.2000,281.9,"387,21K",131.32000000000002,"1,02B",7221.41,"932,20M",112.3,"15,70K",11219.54,"4,64B",33,"1,59M",4252.1500000000005,NA,16915.04,NA,1517.7,NA,,
01.08.2000,283.4,"343,57K",138.7,"840,54M",7194.03,"781,58M",109.28,"14,61K",10523.81,"3,62B",27.36,"1,44M",3760.9500000000003,NA,15784.6,NA,1430.8,NA,,
01.07.2000,289.7,"369,66K",144.66,"661,60M",6912.969999999999,"795,51M",106.63,"12,94K",10450.359999999999,"3,25B",31.15,"1,30M",3950.59,NA,17451.649999999998,NA,1454.6,NA,,
01.06.2000,275.4,"591,35K",162.06,"773,67M",7117.57,"882,68M",108.54,"13,80K",10532.27,"3,79B",29,"1,48M",3471.9500000000003,NA,16320.08,NA,1420.6,NA,,
01.05.2000,274.8,"475,19K",192.06,"816,77M",7407.53,"684,25M",109.68,"27,64K",10749.42,"3,82B",25.55,"1,30M",3930.18,NA,17979.25,NA,1452.4,NA,,
01.04.2000,281.5,"332,99K",159.2,"1,01B",7599.78,"625,40M",105.31,"24,46K",10863.28,"4,05B",26.85,"1,13M",4494.89,NA,20327.79,NA,1498.6,NA,,
01.03.2000,294.2,"550,89K",159.46,"739,91M",7645.3,"1,40B",106.16,"26,92K",10128.11,"4,75B",30.49,"1,48M",4732.820000000001,NA,20030.08,NA,1366.4,NA,,
01.02.2000,286,"742,60K",167.15,"769,51M",6841.120000000001,"969,55M",104.86,"18,08K",10937.740000000002,"3,66B",27.6,"1,33M",3961.07,NA,19536.68,NA,1394.5,NA,,
01.01.2000,289.5,"414,02K",152.09,"983,90M",6961.72,"924,33M",101.39,"25,25K",11501.849999999999,"3,83B",25.2,"1,45M",4186.1900000000005,NA,18937.45,NA,1469.2,NA,,
02.06.2003,NA,NA,NA,NA,NA,NA,NA,NA,8851.449999999999,"248,18M",NA,NA,NA,NA,NA,NA,NA,NA,,
03.03.2003,NA,NA,NA,NA,NA,NA,NA,NA,7890.24,"281,79M",NA,NA,NA,NA,NA,NA,NA,NA,,
03.02.2003,NA,NA,NA,NA,NA,NA,NA,NA,8053.74,"245,44M",NA,NA,NA,NA,NA,NA,NA,NA,,
02.01.2003,NA,NA,NA,NA,NA,NA,NA,NA,8342.38,"273,05M",NA,NA,NA,NA,NA,NA,NA,NA,,
02.12.2002,NA,NA,NA,NA,NA,NA,NA,NA,8902.949999999999,"228,46M",NA,NA,NA,NA,NA,NA,NA,NA,,
03.09.2002,NA,NA,NA,NA,NA,NA,NA,NA,8659.27,"298,76M",NA,NA,NA,NA,NA,NA,NA,NA,,
03.06.2002,NA,NA,NA,NA,NA,NA,NA,NA,9923.94,"305,77M",NA,NA,NA,NA,NA,NA,NA,NA,,
02.01.2002,NA,NA,NA,NA,NA,NA,NA,NA,10021.710000000001,"248,94M",NA,NA,NA,NA,NA,NA,NA,NA,,
03.12.2001,NA,NA,NA,NA,NA,NA,NA,NA,9848.93,"222,48M",NA,NA,NA,NA,NA,NA,NA,NA,,
04.09.2001,NA,NA,NA,NA,NA,NA,NA,NA,9946.98,"393,05M",NA,NA,NA,NA,NA,NA,NA,NA,,
02.07.2001,NA,NA,NA,NA,NA,NA,NA,NA,10504.949999999999,"230,02M",NA,NA,NA,NA,NA,NA,NA,NA,,
02.04.2001,NA,NA,NA,NA,NA,NA,NA,NA,9877.16,"272,38M",NA,NA,NA,NA,NA,NA,NA,NA,,
02.01.2001,NA,NA,NA,NA,NA,NA,NA,NA,10790.92,"290,79M",NA,NA,NA,NA,NA,NA,NA,NA,,
02.10.2000,NA,NA,NA,NA,NA,NA,NA,NA,10659.06,"297,12M",NA,NA,NA,NA,NA,NA,NA,NA,,
03.07.2000,NA,NA,NA,NA,NA,NA,NA,NA,10450.359999999999,"171,24M",NA,NA,NA,NA,NA,NA,NA,NA,,
03.04.2000,NA,NA,NA,NA,NA,NA,NA,NA,10863.28,"222,28M",NA,NA,NA,NA,NA,NA,NA,NA,,
03.01.2000,NA,NA,NA,NA,NA,NA,NA,NA,11501.849999999999,"202,32M",NA,NA,NA,NA,NA,NA,NA,NA,,
